location	habitat_type	community	isolate	OD_transferrin	ODrel_transferrin	PVD_transferrin	PVDrel_transferrin	OD_FeCl3	ODrel_FeCl3	OD_dpd	ODrel_dpd	PVDbyOD_tr	PVD_dpd	PVDrel_dpd
Irchel	pond	A	3A1	0.1161	0.5125	25481.6	0.8834	0.7959	1.0877	0.3108	0.9936	211187.8	19336.0	0.7306
Irchel	pond	A	3A2	0.1553	0.6857	8889.0	0.3082	0.6762	0.9241	0.2080	0.6650	57887.7	9239.3	0.3491
Irchel	pond	A	3A3	0.3117	1.3760	31069.0	1.0771	0.7549	1.0316	0.2288	0.7314	101772.8	19485.7	0.7363
Irchel	pond	A	3A4	0.1550	0.6841	31562.0	1.0942	0.2185	0.2986	0.0886	0.2833	214927.1	12029.3	0.4545
Irchel	pond	A	3A5	0.0855	0.3776	0.4	0.0000	0.2157	0.2948	0.0464	0.1483	4.8	5.7	0.0002
Irchel	pond	A	3A6	0.2405	1.0615	24064.6	0.8343	0.9326	1.2745	0.4524	1.4464	104345.0	22206.7	0.8391
Irchel	pond	A	3A7	0.2160	0.9533	25885.0	0.8974	0.2730	0.3731	0.3253	1.0400	121908.2	21856.7	0.8259
Irchel	pond	A	3A8	0.1873	0.8266	31970.6	1.1084	0.4397	0.6009	0.0425	0.1358	171488.3	12919.7	0.4882
Irchel	pond	A	3A9	0.1736	0.7663	37998.6	1.3173	0.8314	1.1362	0.2878	0.9203	219370.7	32710.3	1.2360
Irchel	pond	A	3A10	0.2616	1.1547	24525.0	0.8502	0.7756	1.0600	0.1347	0.4307	95661.2	23903.7	0.9032
Irchel	pond	A	3A11	0.1205	0.5321	25328.6	0.8781	0.5821	0.7956	0.2535	0.8104	211610.2	20485.3	0.7741
Irchel	pond	A	3A12	0.1238	0.5465	9704.6	0.3364	0.7354	1.0051	0.2179	0.6966	78431.0	9612.7	0.3632
Irchel	pond	A	3A13	0.2241	0.9894	31767.6	1.1013	0.6360	0.8691	0.2226	0.7118	141803.0	21011.3	0.7939
Irchel	pond	A	3A14	0.2369	1.0457	35144.0	1.2184	0.7481	1.0224	0.1841	0.5886	155874.2	19634.0	0.7419
Irchel	pond	A	3A15	0.0960	0.4239	3718.6	0.1289	0.4847	0.6624	0.1305	0.4171	39283.7	3438.7	0.1299
Irchel	pond	A	3A16	0.1553	0.6855	23660.6	0.8203	0.6541	0.8939	0.3555	1.1367	153216.0	19995.7	0.7556
Irchel	pond	A	3A17	0.0969	0.4279	18038.3	0.6254	0.6850	0.9361	0.0896	0.2865	187521.2	17731.0	0.6700
Irchel	pond	A	3A18	0.2171	0.9583	40208.3	1.3939	0.4716	0.6445	0.0449	0.1436	186881.4	21057.0	0.7957
Irchel	pond	A	3A19	0.1306	0.5767	27055.3	0.9380	0.6127	0.8373	0.0441	0.1411	208521.2	6809.7	0.2573
Irchel	pond	A	3A20	0.4204	1.8558	37240.3	1.2911	0.8614	1.1773	0.2977	0.9519	90773.1	29163.0	1.1020
Irchel	pond	B	3B1	0.3356	1.6567	26319.4	0.9169	0.7396	0.9540	0.2808	1.1285	80707.6	28311.7	1.0339
Irchel	pond	B	3B2	0.2537	1.2523	30044.4	1.0467	0.7638	0.9852	0.1353	0.5438	120334.6	21949.0	0.8015
Irchel	pond	B	3B3	0.2758	1.3612	27219.7	0.9483	0.7559	0.9750	0.1556	0.6253	99270.9	17350.0	0.6336
Irchel	pond	B	3B4	0.3077	1.5190	28383.0	0.9888	0.8212	1.0592	0.2339	0.9397	92464.8	26458.0	0.9662
Irchel	pond	B	3B5	0.1105	0.5455	1056.0	0.0368	0.4738	0.6112	0.0241	0.0969	9642.9	207.3	0.0076
Irchel	pond	B	3B6	0.2339	1.1544	27681.4	0.9644	0.8536	1.1010	0.2853	1.1465	121883.4	25076.3	0.9157
Irchel	pond	B	3B7	0.1592	0.7858	31049.7	1.0817	0.4631	0.5973	0.0232	0.0933	216024.5	4887.3	0.1785
Irchel	pond	B	3B8	0.3762	1.8568	26826.4	0.9346	0.7776	1.0031	0.2333	0.9373	71717.7	23013.3	0.8404
Irchel	pond	B	3B9	0.1818	0.8972	13265.4	0.4622	0.8278	1.0678	0.1526	0.6133	73497.6	16115.0	0.5885
Irchel	pond	B	3B10	0.3452	1.7039	28246.7	0.9841	0.7240	0.9339	0.1449	0.5821	81971.7	18676.0	0.6820
Irchel	pond	B	3B11	0.2678	1.3219	47143.0	1.6424	0.4367	0.5633	0.0811	0.3259	205832.7	25122.3	0.9174
Irchel	pond	B	3B12	0.0709	0.3498	18184.0	0.6335	0.2984	0.3850	0.0548	0.2201	261266.6	6568.7	0.2399
Irchel	pond	B	3B13	0.4337	2.1409	50324.4	1.7533	0.4810	0.6204	0.0507	0.2038	118783.9	14016.0	0.5118
Irchel	pond	B	3B14	0.2389	1.1791	35254.0	1.2282	0.3538	0.4564	0.0633	0.2544	156940.5	16095.0	0.5878
Irchel	pond	B	3B15	0.1542	0.7613	44537.0	1.5516	0.4321	0.5574	0.0542	0.2178	289029.1	11388.3	0.4159
Irchel	pond	B	3B16	0.2201	1.0864	30368.7	1.0580	0.8220	1.0604	0.2818	1.1322	138558.3	23383.7	0.8539
Irchel	pond	B	3B17	0.1723	0.8503	19469.0	0.6783	0.7351	0.9483	0.1507	0.6056	113078.3	14634.7	0.5344
Irchel	pond	B	3B18	0.0776	0.3831	29694.4	1.0345	0.4743	0.6118	0.2047	0.8225	383001.1	22231.0	0.8118
Irchel	pond	B	3B19	0.1338	0.6606	35447.0	1.2349	0.8434	1.0879	0.0517	0.2076	268347.5	21483.7	0.7845
Irchel	pond	B	3B20	0.0981	0.4844	22074.4	0.7691	0.7133	0.9201	0.1168	0.4692	225049.5	14714.7	0.5374
Irchel	pond	C	3C1	0.1185	0.7179	0.0	0.0000	0.1952	0.2557	0.0068	0.0275	0.0	14.7	0.0006
Irchel	pond	C	3C2	0.0833	0.5048	9874.7	0.3758	0.7572	0.9918	0.1154	0.4693	118560.1	11601.7	0.4423
Irchel	pond	C	3C3	0.2439	1.4775	23579.0	0.8973	0.9452	1.2381	0.2712	1.1028	98365.0	30598.3	1.1666
Irchel	pond	C	3C4	0.1783	1.0804	29903.4	1.1380	0.3491	0.4572	0.0320	0.1301	169265.9	1728.0	0.0659
Irchel	pond	C	3C5	0.1921	1.1636	33085.0	1.2591	0.3573	0.4679	0.0693	0.2818	175393.5	14034.3	0.5351
Irchel	pond	C	3C6	0.0923	0.5594	31820.0	1.2109	0.4137	0.5419	0.0428	0.1740	345396.8	7059.7	0.2692
Irchel	pond	C	3C7	0.2319	1.4048	17141.0	0.6523	0.5072	0.6643	0.0889	0.3615	76184.7	10158.7	0.3873
Irchel	pond	C	3C8	0.1636	0.9914	19836.4	0.7549	0.5114	0.6698	0.0636	0.2586	133983.1	16380.3	0.6245
Irchel	pond	C	3C9	0.1032	0.6254	31856.0	1.2123	0.5499	0.7202	0.1010	0.4107	308708.7	25588.7	0.9756
Irchel	pond	C	3C10	0.2623	1.5894	28332.0	1.0782	0.7537	0.9871	0.2973	1.2090	108426.4	18001.7	0.6863
Irchel	pond	C	3C11	0.2134	1.2927	26541.4	1.0100	0.6679	0.8748	0.1527	0.6211	124466.9	24692.3	0.9414
Irchel	pond	C	3C12	0.1668	1.0106	17431.7	0.6634	0.6766	0.8862	0.2208	0.8979	104633.2	19435.0	0.7410
Irchel	pond	C	3C13	0.1809	1.0962	33923.7	1.2910	0.4195	0.5495	0.0216	0.0878	187586.9	2526.7	0.0963
Irchel	pond	C	3C14	0.2366	1.4335	27518.0	1.0472	0.7532	0.9865	0.0240	0.0976	116805.3	925.3	0.0353
Irchel	pond	C	3C15	0.1095	0.6636	15977.0	0.6080	0.8154	1.0680	0.1006	0.4090	152274.4	9249.3	0.3526
Irchel	pond	C	3C16	0.3419	2.0717	31724.0	1.2073	0.8612	1.1279	0.2965	1.2056	95280.6	34966.7	1.3331
Irchel	pond	C	3C17	0.1401	0.8490	30779.0	1.1713	0.6466	0.8469	0.1891	0.7688	243401.1	22670.0	0.8643
Irchel	pond	C	3C18	0.0874	0.5293	25271.4	0.9617	0.4275	0.5600	0.0226	0.0918	289385.5	5415.7	0.2065
Irchel	pond	C	3C19	0.1341	0.8124	33516.7	1.2755	0.5623	0.7365	0.0816	0.3317	278141.6	29626.3	1.1295
Irchel	pond	C	3C20	0.2840	1.7205	50403.4	1.9181	0.9374	1.2278	0.3237	1.3163	177954.4	50447.3	1.9234
Irchel	pond	D	3D1	0.1785	1.2451	27.4	0.0011	0.2867	0.3742	0.0860	0.2673	155.2	60.0	0.0024
Irchel	pond	D	3D2	0.2693	1.8785	18989.4	0.7697	0.6577	0.8585	0.3163	0.9826	70535.4	10057.0	0.3992
Irchel	pond	D	3D3	0.2269	1.5832	38171.4	1.5472	0.6124	0.7993	0.2358	0.7327	171043.4	22457.0	0.8915
Irchel	pond	D	3D4	0.0923	0.6442	19108.0	0.7745	0.6682	0.8721	0.3271	1.0164	208235.1	10987.3	0.4362
Irchel	pond	D	3D5	0.3159	2.2038	37209.4	1.5083	0.7648	0.9983	0.2987	0.9280	117901.3	22040.7	0.8750
Irchel	pond	D	3D6	0.2467	1.7208	26929.7	1.0916	0.7782	1.0158	0.3839	1.1928	110914.8	17586.7	0.6982
Irchel	pond	D	3D7	0.1688	1.1774	37930.4	1.5375	0.7328	0.9565	0.3211	0.9975	243885.5	22499.7	0.8932
Irchel	pond	D	3D8	0.3680	2.5671	28196.7	1.1429	0.7990	1.0429	0.3217	0.9995	76677.6	20608.7	0.8181
Irchel	pond	D	3D9	0.1744	1.2165	27686.7	1.1223	0.3791	0.4949	0.4130	1.2832	159088.9	20121.0	0.7988
Irchel	pond	D	3D10	0.2733	1.9069	28571.7	1.1581	0.6457	0.8428	0.0116	0.0359	104654.7	602.7	0.0239
Irchel	pond	D	3D11	0.1286	0.8972	17748.4	0.7194	0.6553	0.8554	0.1126	0.3499	146416.7	930.7	0.0369
Irchel	pond	D	3D12	0.0921	0.6428	28268.0	1.1458	0.4461	0.5823	0.1536	0.4773	306965.2	18419.7	0.7312
Irchel	pond	D	3D13	0.1790	1.2486	34841.4	1.4123	0.6247	0.8154	0.1906	0.5921	236271.3	26994.7	1.0717
Irchel	pond	D	3D14	0.1973	1.3767	23384.4	0.9479	0.7324	0.9560	0.2398	0.7451	151454.7	17442.7	0.6925
Irchel	pond	D	3D15	0.1766	1.2320	28793.7	1.1671	0.5999	0.7831	0.2612	0.8116	183562.8	23948.0	0.9507
Irchel	pond	D	3D16	0.0808	0.5637	13180.0	0.5342	0.6196	0.8087	0.2127	0.6607	170337.4	11251.3	0.4467
Irchel	pond	D	3D17	0.1036	0.7228	15.7	0.0006	0.3114	0.4064	0.0161	0.0500	153.4	5.3	0.0002
Irchel	pond	D	3D18	0.2125	1.4827	27832.4	1.1282	0.8028	1.0479	0.0191	0.0593	136183.3	993.7	0.0394
Irchel	pond	D	3D19	0.0939	0.6549	12275.0	0.4976	0.4537	0.5922	0.2979	0.9255	130983.1	12082.0	0.4796
Irchel	pond	D	3D20	0.1147	0.8002	18129.4	0.7349	0.6180	0.8067	0.3540	1.0998	158170.3	14768.7	0.5863
Irchel	pond	E	3E1	0.1157	0.5914	28042.3	0.9241	0.5799	0.7696	0.1030	0.4972	248435.4	19598.3	0.7460
Irchel	pond	E	3E2	0.2621	1.3401	38959.0	1.2839	0.3642	0.4833	0.0564	0.2720	153802.6	9201.7	0.3503
Irchel	pond	E	3E3	0.0433	0.2213	263.7	0.0087	0.3511	0.4660	0.0017	0.0082	6093.6	7.0	0.0003
Irchel	pond	E	3E4	0.0778	0.3975	15769.3	0.5197	0.1463	0.1942	0.0559	0.2698	212228.6	1382.7	0.0526
Irchel	pond	E	3E5	0.1357	0.6938	35225.7	1.1609	0.4498	0.5970	0.0260	0.1254	259975.3	595.7	0.0227
Irchel	pond	E	3E6	0.1716	0.8775	27972.3	0.9218	0.7511	0.9968	0.1435	0.6925	164593.9	19816.3	0.7543
Irchel	pond	E	3E7	0.1041	0.5321	30065.0	0.9908	0.8149	1.0816	0.0131	0.0631	288951.5	2951.3	0.1123
Irchel	pond	E	3E8	0.1791	0.9155	26264.3	0.8655	0.7234	0.9601	0.1722	0.8310	148159.1	24702.3	0.9403
Irchel	pond	E	3E9	0.1695	0.8663	28686.3	0.9454	0.7369	0.9780	0.1362	0.6574	169289.3	20075.7	0.7642
Irchel	pond	E	3E10	0.1277	0.6527	36817.3	1.2133	0.6759	0.8971	0.0402	0.1940	288396.4	22834.7	0.8692
Irchel	pond	E	3E11	0.1491	0.7623	715.0	0.0236	0.5647	0.7494	0.0576	0.2782	4805.8	522.7	0.0199
Irchel	pond	E	3E12	0.0609	0.3116	14088.3	0.4643	0.1597	0.2119	0.0644	0.3106	231343.4	1463.0	0.0557
Irchel	pond	E	3E13	0.0818	0.4181	18635.7	0.6141	0.8957	1.1888	0.0205	0.0988	228338.0	1043.0	0.0397
Irchel	pond	E	3E14	0.0220	0.1126	1045.3	0.0344	0.1984	0.2634	0.0149	0.0718	49891.0	184.3	0.0070
Irchel	pond	E	3E15	0.2181	1.1152	32849.3	1.0825	0.8545	1.1342	0.2602	1.2555	150832.7	33728.3	1.2839
Irchel	pond	E	3E16	0.1927	0.9850	44143.3	1.4547	0.3768	0.5001	0.0378	0.1823	229263.5	13541.0	0.5154
Irchel	pond	E	3E17	0.0806	0.4120	18631.7	0.6140	0.8606	1.1422	0.0096	0.0465	231860.6	5211.0	0.1984
Irchel	pond	E	3E18	0.0880	0.4500	19994.3	0.6589	0.5864	0.7783	0.1242	0.5995	227815.5	21208.3	0.8073
Irchel	pond	E	3E19	0.0788	0.4028	15427.7	0.5084	0.4006	0.5316	0.0403	0.1944	198080.0	14019.3	0.5336
Irchel	pond	E	3E20	0.0392	0.2005	3.7	0.0001	0.5444	0.7225	0.0038	0.0184	102.8	8.3	0.0003
Irchel	pond	F	3F1	0.3662	1.8504	27916.0	1.0063	0.6796	0.9192	0.0992	0.3129	77114.4	9283.0	0.3962
Irchel	pond	F	3F2	0.1138	0.5752	32223.3	1.1616	0.4099	0.5544	0.0695	0.2193	283387.6	12749.7	0.5441
Irchel	pond	F	3F3	0.1190	0.6011	850.3	0.0307	0.8056	1.0896	0.0486	0.1535	7174.4	130.0	0.0055
Irchel	pond	F	3F4	0.1251	0.6323	26840.3	0.9675	0.7367	0.9964	0.1853	0.5848	214501.8	12461.0	0.5318
Irchel	pond	F	3F5	0.3583	1.8105	13330.3	0.4805	0.8745	1.1828	0.3788	1.1952	37495.4	7685.0	0.3280
Irchel	pond	F	3F6	0.2571	1.2991	17600.3	0.6345	0.6542	0.8848	0.3317	1.0465	68475.3	11940.7	0.5096
Irchel	pond	F	3F7	0.1746	0.8824	22820.0	0.8226	0.8697	1.1763	0.3072	0.9693	131041.3	21316.7	0.9097
Irchel	pond	F	3F8	0.0792	0.4004	4785.3	0.1725	0.1845	0.2495	0.0085	0.0267	69798.3	23.0	0.0010
Irchel	pond	F	3F9	0.0940	0.4748	3.7	0.0001	0.7043	0.9525	0.0500	0.1577	32.0	8.7	0.0004
Irchel	pond	F	3F11	0.1918	0.9693	15569.0	0.5612	0.3819	0.5165	0.4081	1.2876	81331.0	12384.3	0.5285
Irchel	pond	F	3F12	0.1440	0.7278	25159.3	0.9069	0.7638	1.0330	0.0508	0.1603	174719.9	6052.0	0.2583
Irchel	pond	F	3F14	0.1207	0.6097	16996.7	0.6127	0.5447	0.7368	0.4200	1.3251	144250.1	12905.3	0.5508
Irchel	pond	F	3F15	0.1870	0.9449	20591.7	0.7423	0.7581	1.0254	0.1435	0.4528	114332.9	4863.0	0.2075
Irchel	pond	F	3F16	0.2163	1.0931	29504.3	1.0636	0.5283	0.7146	0.3200	1.0097	158573.8	16529.7	0.7054
Irchel	pond	F	3F17	0.2005	1.0133	25891.3	0.9333	0.7781	1.0524	0.2092	0.6600	133461.7	14489.7	0.6184
Irchel	pond	F	3F18	0.1242	0.6278	15918.0	0.5738	0.5619	0.7600	0.4274	1.3487	128479.8	10730.7	0.4580
Irchel	pond	F	3F19	0.1006	0.5083	17382.3	0.6266	0.7538	1.0195	0.0429	0.1353	187428.2	810.3	0.0346
Irchel	pond	F	3F20	0.2505	1.2660	20900.0	0.7534	0.6862	0.9282	0.3247	1.0246	83726.2	12349.3	0.5270
Irchel	pond	G	3G1	0.2267	1.3673	39653.4	1.3476	0.6165	0.8327	0.1987	0.8739	175454.3	32183.3	1.2445
Irchel	pond	G	3G2	0.0923	0.5566	13152.4	0.4470	0.2758	0.3725	0.0155	0.0683	142904.2	4129.0	0.1597
Irchel	pond	G	3G3	0.3648	2.2004	30984.1	1.0530	0.7557	1.0206	0.1951	0.8579	85203.5	23020.0	0.8902
Irchel	pond	G	3G4	0.1320	0.7964	24504.4	0.8328	0.5356	0.7235	0.0772	0.3396	185792.9	22643.0	0.8756
Irchel	pond	G	3G5	0.1841	1.1105	16240.7	0.5519	0.5448	0.7358	0.1850	0.8138	88424.8	10796.7	0.4175
Irchel	pond	G	3G6	0.3389	2.0442	35517.4	1.2071	0.3654	0.4936	0.0513	0.2256	107264.8	11589.3	0.4482
Irchel	pond	G	3G7	0.1439	0.8678	41725.4	1.4181	0.8309	1.1223	0.1083	0.4763	291061.0	37283.3	1.4417
Irchel	pond	G	3G8	0.1351	0.8149	39652.7	1.3476	0.7113	0.9608	0.1316	0.5788	294979.5	23086.3	0.8927
Irchel	pond	G	3G9	0.2526	1.5236	15212.1	0.5170	0.4706	0.6356	0.2217	0.9751	60232.4	18933.7	0.7322
Irchel	pond	G	3G10	0.1282	0.7735	7173.4	0.2438	0.6312	0.8525	0.0142	0.0623	56267.4	113.7	0.0044
Irchel	pond	G	3G11	0.0913	0.5507	4903.4	0.1666	0.2846	0.3844	0.0276	0.1212	53914.1	4.0	0.0002
Irchel	pond	G	3G12	0.3085	1.8610	23230.7	0.7895	0.6901	0.9321	0.1649	0.7251	77927.0	19971.3	0.7723
Irchel	pond	G	3G13	0.1613	0.9728	31334.4	1.0649	0.6736	0.9098	0.0363	0.1598	194949.3	4914.7	0.1900
Irchel	pond	G	3G14	0.0998	0.6022	39683.7	1.3487	0.5340	0.7213	0.0820	0.3605	398045.8	30236.0	1.1692
Irchel	pond	G	3G15	0.1673	1.0090	22436.7	0.7625	0.8617	1.1639	0.1808	0.7952	135481.5	24460.7	0.9459
Irchel	pond	G	3G16	0.1619	0.9768	23807.7	0.8091	0.3371	0.4553	0.0366	0.1611	161034.8	2921.7	0.1130
Irchel	pond	G	3G17	0.3098	1.8686	30390.4	1.0328	0.7766	1.0490	0.2546	1.1199	99481.2	27269.3	1.0545
Irchel	pond	G	3G18	0.1155	0.6965	16264.4	0.5528	0.5850	0.7902	0.0360	0.1581	141432.5	8673.0	0.3354
Irchel	pond	G	3G19	0.1589	0.9585	21347.4	0.7255	0.2228	0.3010	0.0422	0.1857	134297.9	2965.7	0.1147
Irchel	pond	G	3G20	0.1037	0.6257	39475.1	1.3416	0.4030	0.5444	0.0188	0.0825	381144.1	5821.3	0.2251
Irchel	pond	H	3H1	0.2052	1.1491	18105.7	0.6181	0.5412	0.7415	0.2241	0.6965	105319.1	12500.0	0.5072
Irchel	pond	H	3H2	0.0650	0.3642	4348.4	0.1484	0.1753	0.2402	0.0063	0.0195	69737.3	2.7	0.0001
Irchel	pond	H	3H3	0.1008	0.5643	1.5	0.0001	0.5407	0.7409	0.0317	0.0985	13.5	7.7	0.0003
Irchel	pond	H	3H4	0.1325	0.7423	20413.4	0.6969	0.4709	0.6452	0.2852	0.8863	154127.6	14473.3	0.5873
Irchel	pond	H	3H5	0.1064	0.5959	9583.4	0.3272	0.6646	0.9107	0.0287	0.0892	91054.4	19.7	0.0008
Irchel	pond	H	3H6	0.1150	0.6441	41855.4	1.4289	0.6322	0.8662	0.0095	0.0294	366483.5	1835.0	0.0745
Irchel	pond	H	3H7	0.1430	0.8007	21146.7	0.7219	0.5584	0.7651	0.2188	0.6800	147964.1	14864.3	0.6031
Irchel	pond	H	3H9	0.2980	1.6691	31620.4	1.0795	0.7255	0.9941	0.3246	1.0089	108364.6	16781.3	0.6809
Irchel	pond	H	3H10	0.0684	0.3832	11079.4	0.3782	0.3665	0.5022	0.2139	0.6649	161354.3	2446.7	0.0993
Irchel	pond	H	3H11	0.4136	2.3168	29433.4	1.0048	0.7142	0.9786	0.2633	0.8182	71280.3	18437.0	0.7481
Irchel	pond	H	3H12	0.1174	0.6573	12727.1	0.4345	0.4138	0.5670	0.0079	0.0246	108898.6	10.0	0.0004
Irchel	pond	H	3H13	0.1989	1.1138	25066.1	0.8557	0.5870	0.8044	0.0186	0.0577	126338.1	14.0	0.0006
Irchel	pond	H	3H14	0.1065	0.5963	20215.7	0.6901	0.5517	0.7560	0.0247	0.0769	190398.9	76.3	0.0031
Irchel	pond	H	3H15	0.1058	0.5925	20063.7	0.6849	0.7140	0.9783	0.0071	0.0221	189956.1	85.0	0.0034
Irchel	pond	H	3H16	0.0631	0.3534	17191.7	0.5869	0.1527	0.2092	0.0434	0.1350	273188.6	1043.3	0.0423
Irchel	pond	H	3H17	0.1036	0.5800	19268.4	0.6578	0.6406	0.8778	0.0039	0.0122	194528.0	66.0	0.0027
Irchel	pond	H	3H18	0.1513	0.8474	27589.4	0.9419	0.7252	0.9937	0.1591	0.4944	182501.1	13752.7	0.5580
Irchel	pond	H	3H19	0.0581	0.3252	4.1	0.0001	0.4679	0.6412	0.0246	0.0764	70.5	17.3	0.0007
Irchel	pond	H	3H20	0.0676	0.3788	0.6	0.0000	0.4438	0.6081	0.0104	0.0322	7.7	13.3	0.0005
Irchel	soil	a	s3a1	0.1082	0.5528	17147.8	0.5985	0.2909	0.4018	0.2156	0.6464	159253.0	4739.3	0.1885
Irchel	soil	a	s3a2	0.0922	0.4709	27578.8	0.9626	0.3667	0.5065	0.1017	0.3051	299885.5	7414.7	0.2949
Irchel	soil	a	s3a3	0.0631	0.3224	8951.8	0.3125	0.4832	0.6675	0.1830	0.5487	141951.7	865.7	0.0344
Irchel	soil	a	s3a4	0.0995	0.5082	2438.5	0.0851	0.7516	1.0383	0.0198	0.0593	25230.4	30.7	0.0012
Irchel	soil	a	s3a5	0.1109	0.5664	8413.2	0.2937	0.7083	0.9785	0.0707	0.2120	75990.4	992.3	0.0395
Irchel	soil	a	s3a6	0.1054	0.5385	28654.2	1.0001	0.3325	0.4594	0.0761	0.2281	273356.4	4495.0	0.1788
Irchel	soil	a	s3a7	0.0825	0.4213	13107.5	0.4575	0.4373	0.6040	0.1462	0.4385	160966.4	9386.7	0.3733
Irchel	soil	a	s3a8	0.1049	0.5359	21624.8	0.7548	0.3020	0.4172	0.1173	0.3518	207280.0	5515.7	0.2193
Irchel	soil	a	s3a9	0.1196	0.6108	17765.2	0.6201	0.4681	0.6466	0.4159	1.2471	148683.3	11476.7	0.4564
Irchel	soil	a	s3a10	0.2316	1.1833	36252.2	1.2653	0.6272	0.8664	0.2950	0.8846	156616.0	20958.0	0.8334
Irchel	soil	a	s3a11	0.1358	0.6939	7809.8	0.2726	0.7327	1.0122	0.0725	0.2173	57548.6	1409.0	0.0560
Irchel	soil	a	s3a12	0.1331	0.6798	18291.2	0.6384	0.4188	0.5785	0.4109	1.2321	141928.8	9055.7	0.3601
Irchel	soil	a	s3a13	0.1224	0.6251	6034.5	0.2106	0.7831	1.0817	0.0460	0.1379	49485.6	137.7	0.0055
Irchel	soil	a	s3a14	0.1203	0.6144	18165.5	0.6340	0.4151	0.5735	0.4195	1.2580	151269.9	9152.0	0.3639
Irchel	soil	a	s3a15	0.2375	1.2135	33463.5	1.1680	0.5465	0.7549	0.3197	0.9588	143478.7	23258.0	0.9249
Irchel	soil	a	s3a16	0.1274	0.6510	17873.2	0.6238	0.4159	0.5745	0.4370	1.3105	140670.0	8862.3	0.3524
Irchel	soil	a	s3a17	0.1080	0.5519	16138.2	0.5633	0.5573	0.7699	0.0357	0.1070	152226.8	534.7	0.0213
Irchel	soil	a	s3a18	0.1210	0.6180	811.5	0.0283	0.6945	0.9593	0.0118	0.0355	6720.1	17.7	0.0007
Irchel	soil	a	s3a19	0.1465	0.7486	16198.5	0.5654	0.4113	0.5682	0.4232	1.2690	113833.9	10684.7	0.4249
Irchel	soil	a	s3a20	0.0758	0.3871	6689.2	0.2335	0.3249	0.4489	0.0125	0.0374	118051.9	117.0	0.0047
Irchel	soil	b	s3b1	0.3294	1.5686	11567.6	0.3905	0.8793	1.2531	0.3590	1.1318	35267.7	7343.7	0.2767
Irchel	soil	b	s3b2	0.0740	0.3522	12480.2	0.4213	0.7176	1.0227	0.1809	0.5703	168668.3	12550.5	0.4729
Irchel	soil	b	s3b3	0.0828	0.3945	0.2	0.0000	0.5372	0.7656	0.1747	0.5507	2.4	7.3	0.0003
Irchel	soil	b	s3b4	0.0765	0.3645	9382.2	0.3168	0.7078	1.0087	0.1642	0.5178	123644.3	2587.3	0.0975
Irchel	soil	b	s3b5	0.0907	0.4321	426.6	0.0144	0.5303	0.7557	0.0214	0.0674	4833.0	63.3	0.0024
Irchel	soil	b	s3b6	0.1201	0.5717	5894.2	0.1990	0.7048	1.0044	0.0484	0.1526	49175.9	61.3	0.0023
Irchel	soil	b	s3b7	0.1658	0.7897	27133.6	0.9161	0.5726	0.8161	0.1014	0.3196	169932.7	177.3	0.0067
Irchel	soil	b	s3b8	0.1865	0.8879	25051.6	0.8458	0.8278	1.1797	0.3591	1.1323	136179.5	33905.3	1.2776
Irchel	soil	b	s3b9	0.7429	3.5374	44009.6	1.4858	0.9657	1.3762	0.3081	0.9713	60147.7	26569.0	1.0011
Irchel	soil	b	s3b10	0.1044	0.4973	1764.2	0.0596	0.5122	0.7299	0.0489	0.1543	16981.1	1298.7	0.0489
Irchel	soil	b	s3b11	0.1317	0.6270	17616.6	0.5948	0.5262	0.7499	0.3718	1.1721	134154.0	13256.3	0.4995
Irchel	soil	b	s3b12	0.1274	0.6068	24467.9	0.8261	0.4914	0.7003	0.0117	0.0368	199247.9	34.7	0.0013
Irchel	soil	b	s3b13	0.2373	1.1301	23210.6	0.7836	0.8969	1.2782	0.4377	1.3800	100903.6	23263.7	0.8766
Irchel	soil	b	s3b14	0.1847	0.8793	31275.9	1.0559	0.8479	1.2084	0.4122	1.2996	169245.1	26630.0	1.0034
Irchel	soil	b	s3b15	0.2680	1.2759	24289.6	0.8200	0.8753	1.2474	0.3812	1.2018	90748.0	23827.3	0.8978
Irchel	soil	b	s3b16	0.1014	0.4830	13914.2	0.4698	0.4994	0.7117	0.1364	0.4301	138102.2	10153.0	0.3826
Irchel	soil	b	s3b17	0.0880	0.4192	4016.9	0.1356	0.6499	0.9262	0.1409	0.4442	45580.9	3267.7	0.1231
Irchel	soil	b	s3b18	0.9269	4.4131	43560.9	1.4707	0.8398	1.1968	0.3584	1.1301	47244.2	26668.0	1.0048
Irchel	soil	b	s3b19	0.1111	0.5292	813.9	0.0275	0.7218	1.0286	0.0098	0.0308	7346.8	13.3	0.0005
Irchel	soil	b	s3b20	0.0912	0.4345	864.2	0.0292	0.2948	0.4201	0.0333	0.1049	9575.7	867.7	0.0327
Irchel	soil	c	s3c1	0.3122	1.9655	27451.1	0.9323	0.8065	1.2445	0.4088	1.2096	92912.9	19913.3	0.7728
Irchel	soil	c	s3c2	0.2284	1.4379	30803.1	1.0462	0.3739	0.5770	0.2197	0.6502	134832.8	19210.0	0.7455
Irchel	soil	c	s3c3	0.1694	1.0667	28803.8	0.9783	0.2692	0.4155	0.2013	0.5955	184510.9	18687.3	0.7253
Irchel	soil	c	s3c4	0.2799	1.7621	28258.8	0.9597	0.8037	1.2402	0.4485	1.3271	102537.5	19903.0	0.7724
Irchel	soil	c	s3c5	0.3456	2.1758	27982.1	0.9503	0.7895	1.2184	0.4551	1.3465	81067.8	20314.3	0.7884
Irchel	soil	c	s3c6	0.1032	0.6499	1177.1	0.0400	0.3343	0.5158	0.1433	0.4239	11451.5	653.3	0.0254
Irchel	soil	c	s3c7	0.5419	3.4118	31731.8	1.0777	0.9051	1.3968	0.5566	1.6470	58551.1	22490.0	0.8728
Irchel	soil	c	s3c8	0.1321	0.8316	10094.1	0.3428	0.7323	1.1300	0.0365	0.1080	76660.5	2183.7	0.0847
Irchel	soil	c	s3c10	0.2143	1.3489	37692.8	1.2801	0.7227	1.1152	0.2061	0.6097	177756.1	25367.0	0.9845
Irchel	soil	c	s3c11	0.2253	1.4182	28336.8	0.9624	0.7928	1.2234	0.3866	1.1440	126098.8	19850.7	0.7704
Irchel	soil	c	s3c12	0.2248	1.4150	37342.1	1.2682	0.7494	1.1565	0.2449	0.7246	167895.9	21784.0	0.8454
Irchel	soil	c	s3c13	0.3289	2.0708	28291.1	0.9608	0.7860	1.2129	0.4507	1.3337	90151.0	19763.3	0.7670
Irchel	soil	c	s3c14	0.2264	1.4255	30624.4	1.0401	0.2704	0.4173	0.2036	0.6024	135395.8	19918.3	0.7730
Irchel	soil	c	s3c15	0.0709	0.4466	9419.1	0.3199	0.5678	0.8763	0.1694	0.5012	131562.2	5933.3	0.2303
Irchel	soil	c	s3c16	0.2519	1.5857	27751.4	0.9425	0.7650	1.1805	0.3906	1.1556	113505.5	19261.7	0.7475
Irchel	soil	c	s3c17	0.2927	1.8427	27945.1	0.9491	0.7165	1.1057	0.4123	1.2200	96380.7	19800.7	0.7685
Irchel	soil	c	s3c18	0.1793	1.1286	33200.8	1.1276	0.6958	1.0737	0.2473	0.7316	185744.1	21623.3	0.8392
Irchel	soil	c	s3c19	0.4869	3.0651	40183.8	1.3647	0.7052	1.0882	0.2283	0.6755	93602.4	24004.3	0.9316
Irchel	soil	c	s3c20	0.2926	1.8421	26880.4	0.9129	0.7370	1.1373	0.4057	1.2004	92509.5	20503.3	0.7957
Irchel	soil	d	s3d1	0.0824	0.4781	16329.8	0.5687	0.4099	0.5927	0.1148	0.4828	198993.0	9949.3	0.3719
Irchel	soil	d	s3d2	0.2499	1.4497	15515.2	0.5403	0.4040	0.5842	0.2062	0.8670	62176.5	14226.3	0.5317
Irchel	soil	d	s3d3	0.0912	0.5290	12559.5	0.4374	0.1896	0.2741	0.0275	0.1155	139027.6	629.3	0.0235
Irchel	soil	d	s3d4	0.1226	0.7111	19165.2	0.6675	0.1705	0.2465	0.0264	0.1109	156211.0	577.3	0.0216
Irchel	soil	d	s3d5	0.4841	2.8085	35006.5	1.2192	0.8535	1.2342	0.1937	0.8144	72652.5	29204.5	1.0915
Irchel	soil	d	s3d6	0.2452	1.4226	26092.8	0.9087	0.8416	1.2170	0.1978	0.8316	106606.0	29413.3	1.0994
Irchel	soil	d	s3d7	0.1872	1.0861	16464.2	0.5734	0.4683	0.6771	0.1995	0.8387	101787.2	19154.0	0.7159
Irchel	soil	d	s3d8	0.0808	0.4686	14316.5	0.4986	0.1508	0.2180	0.0358	0.1505	177947.5	924.0	0.0345
Irchel	soil	d	s3d9	0.1874	1.0871	23830.8	0.8299	0.7027	1.0161	0.2204	0.9264	128608.8	32144.3	1.2014
Irchel	soil	d	s3d10	0.0957	0.5551	17255.2	0.6009	0.4819	0.6968	0.2007	0.8439	180811.7	16677.3	0.6233
Irchel	soil	d	s3d11	0.2702	1.5678	28015.5	0.9757	0.8476	1.2256	0.2116	0.8897	106333.9	29358.7	1.0973
Irchel	soil	d	s3d12	0.1158	0.6717	34212.2	1.1915	0.4579	0.6621	0.1521	0.6395	295942.4	22335.3	0.8348
Irchel	soil	d	s3d13	0.0798	0.4630	15102.5	0.5260	0.1540	0.2227	0.0253	0.1064	191289.4	595.3	0.0223
Irchel	soil	d	s3d14	0.1724	1.0004	23640.8	0.8233	0.8417	1.2171	0.2088	0.8778	137339.3	30124.7	1.1259
Irchel	soil	d	s3d15	0.0928	0.5384	17698.5	0.6164	0.1895	0.2740	0.0326	0.1372	191092.1	573.3	0.0214
Irchel	soil	d	s3d16	0.1028	0.5963	19671.2	0.6851	0.1753	0.2535	0.0271	0.1138	191629.1	518.7	0.0194
Irchel	soil	d	s3d17	0.1303	0.7562	6700.2	0.2333	0.6495	0.9392	0.0555	0.2335	51636.7	3465.0	0.1295
Irchel	soil	d	s3d18	0.0983	0.5705	22342.2	0.7781	0.1949	0.2819	0.0297	0.1248	227315.3	655.7	0.0245
Irchel	soil	d	s3d19	0.1723	0.9999	16699.2	0.5816	0.5217	0.7544	0.2034	0.8553	110735.7	19628.3	0.7336
Irchel	soil	d	s3d20	0.1909	1.1076	16126.5	0.5616	0.5008	0.7242	0.1648	0.6929	90279.2	18493.3	0.6912
Irchel	soil	e	s3e1	0.2164	1.0473	32328.9	0.9446	0.4662	0.6583	0.1187	0.6184	164519.2	27026.0	0.9850
Irchel	soil	e	s3e2	0.1185	0.5734	9.9	0.0003	0.9309	1.3146	0.0017	0.0089	90.6	4.7	0.0002
Irchel	soil	e	s3e3	0.0679	0.3286	6219.3	0.1817	0.2285	0.3226	0.0576	0.3002	91385.3	2483.7	0.0905
Irchel	soil	e	s3e4	0.0827	0.4002	421.6	0.0123	0.1830	0.2585	0.0222	0.1155	5093.5	752.0	0.0274
Irchel	soil	e	s3e5	0.1003	0.4855	7709.3	0.2252	0.2408	0.3400	0.0490	0.2554	76915.2	3146.7	0.1147
Irchel	soil	e	s3e6	0.2821	1.3652	29560.9	0.8637	0.7832	1.1060	0.2079	1.0831	104774.3	26682.0	0.9725
Irchel	soil	e	s3e7	0.3495	1.6914	30312.6	0.8856	0.7746	1.0938	0.2035	1.0601	92047.5	26495.0	0.9657
Irchel	soil	e	s3e8	0.0761	0.3683	11330.9	0.3311	0.2623	0.3704	0.0944	0.4917	148946.1	8225.7	0.2998
Irchel	soil	e	s3e9	0.1313	0.6355	2993.9	0.0875	0.7117	1.0050	0.1417	0.7382	22788.7	7023.0	0.2560
Irchel	soil	e	s3e10	0.0975	0.4716	2252.3	0.0658	0.5812	0.8207	0.1130	0.5888	23143.9	5909.3	0.2154
Irchel	soil	e	s3e11	0.1462	0.7075	1519.6	0.0444	0.5442	0.7685	0.0326	0.1700	10414.5	3398.7	0.1239
Irchel	soil	e	s3e12	0.3207	1.5519	28018.3	0.8186	0.7842	1.1074	0.2052	1.0690	91421.5	25101.3	0.9149
Irchel	soil	e	s3e13	0.1104	0.5342	3088.6	0.0902	0.6248	0.8823	0.1023	0.5330	27975.0	7048.7	0.2569
Irchel	soil	e	s3e14	0.3088	1.4943	28404.3	0.8299	0.7595	1.0725	0.2086	1.0867	92964.0	25069.3	0.9137
Irchel	soil	e	s3e15	0.2181	1.0552	35823.6	1.0467	0.4421	0.6243	0.1057	0.5507	202504.3	33995.3	1.2390
Irchel	soil	e	s3e16	0.1262	0.6107	20032.3	0.5853	0.3947	0.5573	0.0419	0.2181	159306.4	9143.3	0.3332
Irchel	soil	e	s3e17	0.0627	0.3033	4211.3	0.1230	0.3680	0.5197	0.0366	0.1906	67302.8	5432.0	0.1980
Irchel	soil	e	s3e18	0.2330	1.1275	27502.9	0.8036	0.7758	1.0955	0.2080	1.0834	122445.2	25097.7	0.9147
Irchel	soil	e	s3e19	0.1148	0.5554	4484.9	0.1310	0.6925	0.9779	0.0112	0.0585	39167.7	523.3	0.0191
Irchel	soil	e	s3e20	0.2836	1.3722	48211.9	1.4086	0.6185	0.8734	0.1678	0.8742	170440.6	31685.0	1.1548
Irchel	soil	f	s3f2	0.0927	0.4185	7364.8	0.2173	0.3639	0.5091	0.1623	0.5883	79573.7	9444.3	0.3682
Irchel	soil	f	s3f3	0.2963	1.3375	32882.1	0.9700	0.4781	0.6688	0.2902	1.0522	112412.6	26696.3	1.0408
Irchel	soil	f	s3f4	0.1407	0.6351	23124.4	0.6822	0.5992	0.8382	0.3794	1.3755	167844.1	15156.0	0.5909
Irchel	soil	f	s3f5	0.2581	1.1651	35004.1	1.0326	0.5018	0.7020	0.3027	1.0973	138236.5	26741.7	1.0426
Irchel	soil	f	s3f6	0.0837	0.3778	4347.4	0.1282	0.3084	0.4314	0.0908	0.3290	52033.1	5947.3	0.2319
Irchel	soil	f	s3f7	0.0861	0.3888	667.1	0.0197	0.5305	0.7421	0.0231	0.0838	7742.2	903.3	0.0352
Irchel	soil	f	s3f8	0.2580	1.1645	32756.4	0.9663	0.5509	0.7706	0.3358	1.2174	128601.4	26081.7	1.0168
Irchel	soil	f	s3f9	0.0826	0.3729	13.1	0.0004	0.7535	1.0541	0.1076	0.3901	164.0	7.7	0.0003
Irchel	soil	f	s3f10	0.2143	0.9673	33023.8	0.9742	0.4816	0.6737	0.3145	1.1403	154458.7	24354.7	0.9495
Irchel	soil	f	s3f11	0.3044	1.3738	30585.8	0.9023	0.4753	0.6650	0.2798	1.0144	100756.0	25540.7	0.9958
Irchel	soil	f	s3f12	0.2231	1.0070	38051.4	1.1225	0.5018	0.7020	0.2661	0.9648	170853.5	30247.7	1.1793
Irchel	soil	f	s3f13	0.2860	1.2908	30027.8	0.8858	0.5053	0.7068	0.2990	1.0840	105079.3	24238.0	0.9450
Irchel	soil	f	s3f14	0.5921	2.6722	40426.1	1.1926	0.8258	1.1553	0.3072	1.1136	70160.5	24001.3	0.9357
Irchel	soil	f	s3f15	0.4979	2.2471	38391.1	1.1325	0.5944	0.8315	0.3905	1.4156	80896.3	13431.0	0.5236
Irchel	soil	f	s3f16	0.1414	0.6381	4042.4	0.1193	0.7562	1.0579	0.0334	0.1212	29197.5	10.7	0.0004
Irchel	soil	f	s3f17	0.2423	1.0935	33578.1	0.9905	0.4973	0.6957	0.3079	1.1164	140334.6	24644.0	0.9608
Irchel	soil	f	s3f18	0.1092	0.4931	1899.8	0.0560	0.5882	0.8229	0.1583	0.5739	17637.6	3768.3	0.1469
Irchel	soil	f	s3f19	0.4366	1.9708	40681.8	1.2001	0.8392	1.1740	0.2587	0.9377	94905.2	26703.7	1.0411
Irchel	soil	f	s3f20	0.1955	0.8824	26883.1	0.7930	0.7200	1.0073	0.0370	0.1340	140495.6	283.0	0.0110
Irchel	soil	g	s3g1	0.0678	0.3540	8447.4	0.2533	0.4248	0.6200	0.1092	0.5396	124849.5	6164.7	0.2251
Irchel	soil	g	s3g2	0.0898	0.4686	27654.7	0.8293	0.6193	0.9040	0.0497	0.2458	308271.7	512.0	0.0187
Irchel	soil	g	s3g3	0.1340	0.6992	24789.7	0.7434	0.5208	0.7602	0.2469	1.2202	185558.0	20013.3	0.7309
Irchel	soil	g	s3g4	0.1920	1.0017	20061.0	0.6016	0.2977	0.4345	0.1250	0.6178	104568.6	12776.0	0.4666
Irchel	soil	g	s3g5	0.2286	1.1928	24213.7	0.7261	0.9047	1.3207	0.2050	1.0131	107012.6	26905.0	0.9826
Irchel	soil	g	s3g6	0.1791	0.9343	31460.7	0.9434	0.3786	0.5526	0.0535	0.2644	175773.3	8174.3	0.2985
Irchel	soil	g	s3g7	0.1873	0.9771	23767.4	0.7127	0.5054	0.7377	0.2360	1.1664	132848.2	20576.7	0.7515
Irchel	soil	g	s3g8	0.1107	0.5775	6693.0	0.2007	0.3717	0.5426	0.0780	0.3855	62290.1	3455.7	0.1262
Irchel	soil	g	s3g9	0.1113	0.5808	26595.0	0.7975	0.4873	0.7113	0.0138	0.0683	239144.6	1244.0	0.0454
Irchel	soil	g	s3g10	0.0792	0.4133	8113.0	0.2433	0.1974	0.2881	0.0759	0.3751	102988.5	2703.0	0.0987
Irchel	soil	g	s3g11	0.1451	0.7570	24777.4	0.7430	0.4952	0.7229	0.2606	1.2883	171997.9	21321.7	0.7787
Irchel	soil	g	s3g12	0.1192	0.6220	24831.4	0.7446	0.4209	0.6144	0.0622	0.3076	208830.1	11540.0	0.4214
Irchel	soil	g	s3g13	0.0264	0.1380	1203.4	0.0361	0.1188	0.1734	0.0156	0.0771	46000.4	354.0	0.0129
Irchel	soil	g	s3g14	0.1294	0.6752	5398.4	0.1619	0.7819	1.1413	0.0026	0.0129	41891.6	108.7	0.0040
Irchel	soil	g	s3g15	0.0785	0.4098	9287.0	0.2785	0.1978	0.2887	0.0140	0.0691	135604.2	551.7	0.0201
Irchel	soil	g	s3g16	0.1021	0.5329	7425.0	0.2227	0.2627	0.3835	0.0587	0.2899	73460.9	3161.3	0.1155
Irchel	soil	g	s3g17	0.1536	0.8015	30727.7	0.9214	0.8434	1.2312	0.0444	0.2194	208636.8	12507.7	0.4568
Irchel	soil	g	s3g18	0.1463	0.7632	23808.0	0.7139	0.4700	0.6861	0.2421	1.1968	170444.0	18781.3	0.6859
Irchel	soil	g	s3g19	0.1063	0.5545	27254.0	0.8173	0.8676	1.2665	0.0072	0.0354	258297.1	3227.7	0.1179
Irchel	soil	g	s3g20	0.1223	0.6383	21253.4	0.6373	0.4947	0.7222	0.2335	1.1543	175203.4	18149.7	0.6628
Irchel	soil	h	s3h1	0.1034	0.6014	11249.6	0.3342	0.7343	1.0013	0.1135	0.4897	108889.3	14816.7	0.5330
Irchel	soil	h	s3h2	0.1008	0.5861	20449.3	0.6075	0.4672	0.6371	0.0499	0.2153	202987.3	9392.3	0.3379
Irchel	soil	h	s3h3	0.1028	0.5977	3426.0	0.1018	0.7396	1.0085	0.0506	0.2185	33448.8	1879.0	0.0676
Irchel	soil	h	s3h4	0.0589	0.3426	2479.3	0.0736	0.2597	0.3541	0.0733	0.3163	43358.8	1485.0	0.0534
Irchel	soil	h	s3h5	0.1552	0.9024	23741.3	0.7052	0.5317	0.7250	0.2346	1.0126	171453.9	21169.7	0.7616
Irchel	soil	h	s3h6	0.1860	1.0819	21652.3	0.6432	0.5377	0.7332	0.2398	1.0349	126073.5	20242.0	0.7282
Irchel	soil	h	s3h7	0.0699	0.4068	16038.0	0.4764	0.3200	0.4363	0.0535	0.2308	229362.1	6042.7	0.2174
Irchel	soil	h	s3h8	0.0719	0.4180	7919.0	0.2352	0.3977	0.5423	0.0711	0.3067	110177.2	3354.0	0.1207
Irchel	soil	h	s3h9	0.1054	0.6130	25844.0	0.7677	0.5189	0.7075	0.2293	0.9896	245286.3	21375.7	0.7690
Irchel	soil	h	s3h10	0.1412	0.8210	23889.6	0.7097	0.5373	0.7327	0.2474	1.0675	177578.8	20721.7	0.7455
Irchel	soil	h	s3h11	0.1024	0.5954	11399.0	0.3386	0.7382	1.0066	0.1053	0.4543	111681.2	13331.0	0.4796
Irchel	soil	h	s3h12	0.0232	0.1352	4.6	0.0001	0.4063	0.5540	0.0073	0.0313	200.5	6.3	0.0002
Irchel	soil	h	s3h13	0.1163	0.6766	7873.6	0.2339	0.7790	1.0622	0.0152	0.0654	67742.2	767.0	0.0276
Irchel	soil	h	s3h14	0.1224	0.7117	15528.0	0.4613	0.5815	0.7929	0.0276	0.1189	130383.3	10039.7	0.3612
Irchel	soil	h	s3h15	0.1120	0.6514	20562.0	0.6108	0.4012	0.5470	0.0570	0.2461	184088.2	13136.3	0.4726
Irchel	soil	h	s3h16	0.1159	0.6743	3058.0	0.0908	0.8308	1.1328	0.0057	0.0244	26429.0	135.0	0.0049
Irchel	soil	h	s3h17	0.0866	0.5039	7.6	0.0002	0.6809	0.9285	0.0845	0.3648	88.0	6.7	0.0002
Irchel	soil	h	s3h18	0.1343	0.7809	3772.0	0.1120	0.7960	1.0854	0.1537	0.6632	28058.3	4408.7	0.1586
Irchel	soil	h	s3h19	0.1199	0.6975	20054.6	0.5957	0.5244	0.7150	0.2068	0.8923	167330.1	18266.3	0.6572
Irchel	soil	h	s3h20	0.1180	0.6865	18207.6	0.5409	0.5255	0.7166	0.1282	0.5534	154242.2	9881.0	0.3555
